<?xml version="1.0" encoding="UTF-8"?>
<!DOCTYPE hibernate-configuration PUBLIC
		"-//Hibernate/Hibernate Configuration DTD 3.0//EN"
		"http://www.hibernate.org/dtd/hibernate-configuration-3.0.dtd">
<hibernate-configuration>
    <session-factory>
        <property name="hibernate.dialect">org.hibernate.dialect.MySQLDialect</property>
        <property name="hibernate.connection.driver_class">com.mysql.jdbc.Driver</property>
        <property name="hibernate.connection.username">root</property>
        <property name="hibernate.connection.password"></property>
        <property name="hibernate.connection.url">jdbc:mysql://localhost:3306/sovdb</property>
        <property name="hbm2ddl.auto">update</property>
        <property name="show_sql">true</property>
        <property name="format_sql">true</property>
        
        <!-- <mapping resource="com/model/Employee.hbm.xml"/> -->
        <mapping class="com.crm.models.CRM_Users"/>
        <mapping class="com.crm.models.CRM_Administrator"/>
        <mapping class="com.crm.models.CRM_Complaints"/>
        <mapping class="com.crm.models.CRM_Reviews"/>
        <mapping class="com.crm.models.CRM_Solutions"/>
        <mapping class="com.crm.models.CRM_Products"/>
        <mapping class="com.crm.models.CRM_Roles"/>
    </session-factory>
</hibernate-configuration>
